<?xml version="1.0" encoding="UTF-8"?>
<!--
  ~ Copyright 2019 The FATE Authors. All Rights Reserved.
  ~
  ~ Licensed under the Apache License, Version 2.0 (the "License");
  ~ you may not use this file except in compliance with the License.
  ~ You may obtain a copy of the License at
  ~
  ~     http://www.apache.org/licenses/LICENSE-2.0
  ~
  ~ Unless required by applicable law or agreed to in writing, software
  ~ distributed under the License is distributed on an "AS IS" BASIS,
  ~ WITHOUT WARRANTIES OR CONDITIONS OF ANY KIND, either express or implied.
  ~ See the License for the specific language governing permissions and
  ~ limitations under the License.
  -->
<Configuration status="ERROR" monitorInterval="60">
    <Properties>
        <Property name="logdir">logs</Property>
        <Property name="project">fate</Property>
        <Property name="module">serving-server</Property>
    </Properties>
    <Appenders>
        <Console name="console" target="SYSTEM_OUT">
            <PatternLayout charset="UTF-8"
                           pattern="%d{yyyy-MM-dd HH:mm:ss,SSS} [%-5p] %c{1.}(%F:%L) - %m%n"/>
        </Console>
        <RollingFile name="info" fileName="${logdir}/${project}-${module}.log"
                     filePattern="${logdir}/%d{yyyy-MM-dd}/${project}-${module}.log.%d{yyyy-MM-dd}">
            <PatternLayout charset="UTF-8" pattern="%d{yyyy-MM-dd HH:mm:ss,SSS} [%-5p] %c{1.}(%F:%L) - %m%n"/>
            <Policies>
                <TimeBasedTriggeringPolicy/>
            </Policies>
            <DefaultRolloverStrategy max="24"/>
        </RollingFile>

        <RollingFile name="flow" fileName="${logdir}/flow.log"
                     filePattern="${logdir}/%d{yyyy-MM-dd}/flow.log.%d{yyyy-MM-dd}.log">
            <PatternLayout charset="UTF-8" pattern="%d{yyyy-MM-dd HH:mm:ss,SSS}|%m%n"/>
            <Policies>
                <TimeBasedTriggeringPolicy/>
            </Policies>
            <DefaultRolloverStrategy max="24"/>
        </RollingFile>

        <RollingFile name="error" fileName="${logdir}/${project}-${module}-error.log"
                     filePattern="${logdir}/${project}-${module}-error.log.%d{yyyy-MM-dd}.log">
            <PatternLayout charset="UTF-8" pattern="%d{yyyy-MM-dd HH:mm:ss,SSS} [%-5p] %c{1.}(%F:%L) - %m%n"/>
            <Policies>
                <TimeBasedTriggeringPolicy/>
            </Policies>
            <DefaultRolloverStrategy max="24"/>
        </RollingFile>

        <RollingFile name="debug" fileName="${logdir}/${project}-${module}-debug.log"
                     filePattern="${logdir}/${project}-${module}-debug.log.%d{yyyy-MM-dd}.log">
            <PatternLayout charset="UTF-8" pattern="%d{yyyy-MM-dd HH:mm:ss,SSS} [%-5p] %c{1.}(%F:%L) - %m%n"/>
            <Policies>
                <TimeBasedTriggeringPolicy/>
            </Policies>
            <DefaultRolloverStrategy max="24"/>
        </RollingFile>
    </Appenders>

    <Loggers>
        <logger name="org.apache.zookeeper" level="WARN"></logger>

        <AsyncLogger name="flow" level="info" includeLocation="true" additivity="true">
            <AppenderRef ref="flow"/>
        </AsyncLogger>
        <!--
        <AsyncLogger name="debug" level="debug" includeLocation="true" additivity="false">
            <AppenderRef ref="debug"/>
        </AsyncLogger>
        -->

        <AsyncRoot level="info" includeLocation="true">
            <AppenderRef ref="console" level="info"/>
            <AppenderRef ref="info" level="info"/>
            <AppenderRef ref="error" level="error"/>
        </AsyncRoot>
    </Loggers>
</Configuration>